date,"Education, Science & Tech",Entertainment,Gaming,Howto & Style,Music,News & Politics,Others
"(2005, 28)",1.0,3.0,0.0,14.0,0.0,0.0,24.0
"(2005, 29)",1.0,0.0,0.0,0.0,0.0,0.0,47.0
"(2005, 30)",0.0,0.0,0.0,0.0,0.0,0.0,29.0
"(2005, 31)",1.0,0.0,0.0,1.0,0.0,0.0,25.0
"(2005, 33)",0.0,0.0,0.0,0.0,0.0,0.0,6.0
"(2005, 36)",0.0,1.0,0.0,0.0,0.0,0.0,0.0
"(2005, 37)",0.0,4.0,0.0,0.0,0.0,0.0,0.0
"(2005, 39)",0.0,1.0,0.0,0.0,0.0,0.0,0.0
"(2005, 41)",0.0,1.0,0.0,0.0,0.0,0.0,0.0
"(2005, 42)",0.0,2.0,0.0,0.0,0.0,0.0,0.0
"(2005, 43)",0.0,2.0,0.0,1.0,0.0,0.0,2.0
"(2005, 44)",3.0,1.0,0.0,1.0,0.0,0.0,7.0
"(2005, 45)",0.0,6.0,0.0,1.0,0.0,0.0,1.0
"(2005, 46)",3.0,4.0,0.0,1.0,1.0,0.0,2.0
"(2005, 47)",1.0,5.0,0.0,0.0,0.0,0.0,2.0
"(2005, 48)",0.0,3.0,0.0,2.0,1.0,0.0,0.0
"(2005, 49)",0.0,2.0,0.0,4.0,2.0,0.0,0.0
"(2005, 50)",0.0,4.0,0.0,0.0,3.0,0.0,2.0
"(2005, 51)",0.0,18.0,0.0,1.0,0.0,6.0,38.0
"(2005, 52)",0.0,6.0,0.0,0.0,3.0,1.0,0.0
"(2006, 01)",0.0,8.0,0.0,1.0,1.0,1.0,3.0
"(2006, 02)",3.0,16.0,0.0,2.0,8.0,0.0,23.0
"(2006, 03)",0.0,5.0,0.0,2.0,3.0,0.0,35.0
"(2006, 04)",0.0,12.0,0.0,1.0,6.0,0.0,5.0
"(2006, 05)",0.0,12.0,0.0,2.0,2.0,1.0,5.0
"(2006, 06)",0.0,17.0,0.0,3.0,4.0,1.0,116.0
"(2006, 07)",3.0,16.0,0.0,2.0,24.0,2.0,10.0
"(2006, 08)",0.0,26.0,1.0,6.0,7.0,9.0,4.0
"(2006, 09)",1.0,22.0,0.0,10.0,16.0,1.0,33.0
"(2006, 10)",0.0,32.0,0.0,8.0,7.0,0.0,4.0
"(2006, 11)",0.0,29.0,0.0,6.0,10.0,3.0,13.0
"(2006, 12)",0.0,24.0,0.0,13.0,15.0,4.0,12.0
"(2006, 13)",2.0,45.0,1.0,3.0,8.0,3.0,16.0
"(2006, 14)",1.0,50.0,3.0,1.0,26.0,4.0,59.0
"(2006, 15)",0.0,73.0,1.0,4.0,19.0,1.0,30.0
"(2006, 16)",0.0,87.0,0.0,4.0,17.0,4.0,17.0
"(2006, 17)",0.0,121.0,1.0,11.0,37.0,8.0,30.0
"(2006, 18)",0.0,30.0,1.0,5.0,35.0,1.0,41.0
"(2006, 19)",0.0,55.0,0.0,12.0,67.0,18.0,32.0
"(2006, 20)",2.0,36.0,0.0,7.0,88.0,14.0,36.0
"(2006, 21)",1.0,64.0,1.0,12.0,43.0,10.0,46.0
"(2006, 22)",5.0,89.0,1.0,9.0,45.0,11.0,35.0
"(2006, 23)",0.0,162.0,3.0,3.0,74.0,49.0,34.0
"(2006, 24)",10.0,175.0,0.0,14.0,37.0,6.0,71.0
"(2006, 25)",2.0,278.0,1.0,7.0,62.0,16.0,74.0
"(2006, 26)",10.0,168.0,2.0,10.0,64.0,7.0,40.0
"(2006, 27)",17.0,220.0,6.0,10.0,42.0,8.0,81.0
"(2006, 28)",3.0,141.0,6.0,7.0,39.0,14.0,90.0
"(2006, 29)",9.0,110.0,4.0,8.0,95.0,15.0,66.0
"(2006, 30)",6.0,140.0,6.0,4.0,56.0,12.0,120.0
"(2006, 31)",1.0,221.0,2.0,12.0,74.0,23.0,89.0
"(2006, 32)",12.0,303.0,5.0,7.0,73.0,27.0,85.0
"(2006, 33)",3.0,247.0,3.0,12.0,138.0,14.0,87.0
"(2006, 34)",2.0,225.0,0.0,23.0,91.0,32.0,90.0
"(2006, 35)",3.0,258.0,1.0,20.0,120.0,26.0,165.0
"(2006, 36)",4.0,154.0,4.0,47.0,139.0,20.0,183.0
"(2006, 37)",2.0,196.0,0.0,32.0,142.0,33.0,167.0
"(2006, 38)",8.0,176.0,4.0,41.0,113.0,36.0,148.0
"(2006, 39)",6.0,281.0,5.0,22.0,121.0,42.0,182.0
"(2006, 40)",2.0,263.0,9.0,33.0,137.0,34.0,139.0
"(2006, 41)",7.0,199.0,2.0,53.0,168.0,34.0,166.0
"(2006, 42)",13.0,275.0,20.0,34.0,201.0,34.0,187.0
"(2006, 43)",13.0,276.0,9.0,52.0,158.0,45.0,226.0
"(2006, 44)",5.0,281.0,6.0,30.0,226.0,35.0,204.0
"(2006, 45)",10.0,185.0,12.0,35.0,210.0,58.0,231.0
"(2006, 46)",4.0,267.0,12.0,29.0,143.0,49.0,248.0
"(2006, 47)",10.0,322.0,20.0,50.0,138.0,30.0,207.0
"(2006, 48)",10.0,325.0,10.0,24.0,194.0,65.0,253.0
"(2006, 49)",11.0,327.0,23.0,49.0,171.0,47.0,225.0
"(2006, 50)",6.0,509.0,15.0,61.0,177.0,70.0,251.0
"(2006, 51)",8.0,330.0,4.0,54.0,143.0,44.0,254.0
"(2006, 52)",7.0,181.0,13.0,45.0,106.0,19.0,172.0
"(2007, 01)",53.0,608.0,22.0,55.0,234.0,77.0,323.0
"(2007, 02)",16.0,357.0,34.0,55.0,212.0,28.0,302.0
"(2007, 03)",4.0,431.0,9.0,47.0,170.0,72.0,301.0
"(2007, 04)",24.0,380.0,16.0,85.0,205.0,80.0,294.0
"(2007, 05)",35.0,463.0,14.0,104.0,255.0,62.0,334.0
"(2007, 06)",33.0,613.0,10.0,108.0,198.0,59.0,468.0
"(2007, 07)",28.0,434.0,29.0,70.0,240.0,88.0,465.0
"(2007, 08)",28.0,474.0,129.0,90.0,288.0,71.0,362.0
"(2007, 09)",16.0,645.0,101.0,108.0,311.0,63.0,453.0
"(2007, 10)",16.0,558.0,37.0,200.0,320.0,68.0,477.0
"(2007, 11)",14.0,612.0,45.0,98.0,285.0,58.0,396.0
"(2007, 12)",15.0,614.0,35.0,99.0,288.0,61.0,402.0
"(2007, 13)",14.0,644.0,48.0,85.0,409.0,84.0,586.0
"(2007, 14)",13.0,800.0,46.0,78.0,304.0,70.0,569.0
"(2007, 15)",12.0,667.0,49.0,84.0,329.0,100.0,417.0
"(2007, 16)",13.0,771.0,54.0,75.0,339.0,123.0,503.0
"(2007, 17)",19.0,488.0,12.0,72.0,361.0,93.0,371.0
"(2007, 18)",13.0,665.0,16.0,87.0,307.0,1929.0,522.0
"(2007, 19)",30.0,659.0,43.0,124.0,342.0,151.0,483.0
"(2007, 20)",31.0,673.0,40.0,123.0,315.0,194.0,519.0
"(2007, 21)",46.0,694.0,45.0,132.0,488.0,172.0,478.0
"(2007, 22)",38.0,848.0,101.0,100.0,408.0,127.0,439.0
"(2007, 23)",41.0,666.0,114.0,90.0,483.0,134.0,444.0
"(2007, 24)",73.0,740.0,162.0,91.0,364.0,164.0,510.0
"(2007, 25)",252.0,757.0,53.0,115.0,304.0,222.0,474.0
"(2007, 26)",74.0,910.0,79.0,154.0,404.0,158.0,492.0
"(2007, 27)",84.0,1053.0,61.0,61.0,377.0,151.0,542.0
"(2007, 28)",64.0,888.0,172.0,119.0,321.0,169.0,583.0
"(2007, 29)",60.0,1148.0,127.0,150.0,361.0,310.0,437.0
"(2007, 30)",76.0,1007.0,87.0,429.0,357.0,153.0,504.0
"(2007, 31)",94.0,976.0,140.0,91.0,321.0,113.0,629.0
"(2007, 32)",45.0,977.0,136.0,115.0,491.0,174.0,426.0
"(2007, 33)",48.0,1005.0,126.0,91.0,390.0,150.0,377.0
"(2007, 34)",52.0,883.0,91.0,101.0,450.0,197.0,436.0
"(2007, 35)",55.0,715.0,102.0,191.0,375.0,275.0,486.0
"(2007, 36)",49.0,825.0,116.0,141.0,400.0,210.0,580.0
"(2007, 37)",70.0,818.0,102.0,125.0,421.0,211.0,681.0
"(2007, 38)",36.0,920.0,85.0,147.0,417.0,274.0,713.0
"(2007, 39)",70.0,893.0,51.0,183.0,444.0,200.0,608.0
"(2007, 40)",68.0,944.0,76.0,119.0,427.0,212.0,651.0
"(2007, 41)",113.0,1211.0,69.0,1221.0,448.0,254.0,662.0
"(2007, 42)",97.0,966.0,68.0,190.0,448.0,364.0,791.0
"(2007, 43)",78.0,998.0,31.0,166.0,501.0,261.0,704.0
"(2007, 44)",137.0,1290.0,42.0,234.0,471.0,360.0,707.0
"(2007, 45)",218.0,1031.0,49.0,144.0,589.0,309.0,708.0
"(2007, 46)",237.0,1175.0,46.0,149.0,623.0,294.0,799.0
"(2007, 47)",218.0,1198.0,37.0,116.0,564.0,250.0,794.0
"(2007, 48)",198.0,1313.0,40.0,214.0,575.0,290.0,953.0
"(2007, 49)",359.0,1121.0,93.0,141.0,678.0,281.0,753.0
"(2007, 50)",416.0,994.0,72.0,234.0,580.0,281.0,784.0
"(2007, 51)",394.0,982.0,46.0,178.0,594.0,192.0,737.0
"(2007, 52)",198.0,769.0,84.0,141.0,382.0,145.0,593.0
"(2008, 01)",679.0,1572.0,348.0,739.0,945.0,289.0,1217.0
"(2008, 02)",472.0,1204.0,83.0,252.0,663.0,263.0,714.0
"(2008, 03)",583.0,1221.0,69.0,158.0,639.0,268.0,913.0
"(2008, 04)",733.0,1153.0,93.0,120.0,662.0,351.0,974.0
"(2008, 05)",1020.0,1083.0,198.0,171.0,607.0,315.0,855.0
"(2008, 06)",766.0,1399.0,153.0,270.0,573.0,258.0,1023.0
"(2008, 07)",564.0,1318.0,181.0,232.0,645.0,302.0,960.0
"(2008, 08)",433.0,1516.0,171.0,188.0,632.0,320.0,957.0
"(2008, 09)",471.0,1398.0,188.0,238.0,631.0,300.0,867.0
"(2008, 10)",446.0,1327.0,144.0,202.0,575.0,312.0,823.0
"(2008, 11)",447.0,1599.0,113.0,152.0,622.0,319.0,939.0
"(2008, 12)",435.0,1388.0,147.0,253.0,741.0,312.0,868.0
"(2008, 13)",604.0,1498.0,121.0,243.0,717.0,307.0,1139.0
"(2008, 14)",500.0,1419.0,86.0,245.0,846.0,287.0,1091.0
"(2008, 15)",578.0,1440.0,78.0,264.0,747.0,357.0,1119.0
"(2008, 16)",553.0,1275.0,104.0,234.0,798.0,508.0,1312.0
"(2008, 17)",940.0,1732.0,117.0,288.0,782.0,409.0,1245.0
"(2008, 18)",806.0,1447.0,129.0,339.0,830.0,356.0,1198.0
"(2008, 19)",627.0,1758.0,103.0,229.0,787.0,376.0,1439.0
"(2008, 20)",686.0,1571.0,122.0,215.0,900.0,371.0,1542.0
"(2008, 21)",694.0,1495.0,218.0,260.0,847.0,494.0,1450.0
"(2008, 22)",541.0,1390.0,143.0,257.0,751.0,316.0,1397.0
"(2008, 23)",555.0,1593.0,145.0,221.0,779.0,370.0,1279.0
"(2008, 24)",751.0,1560.0,168.0,174.0,860.0,301.0,1497.0
"(2008, 25)",663.0,1606.0,186.0,273.0,753.0,375.0,1577.0
"(2008, 26)",689.0,1502.0,310.0,346.0,1064.0,397.0,1413.0
"(2008, 27)",643.0,1412.0,314.0,253.0,854.0,416.0,1352.0
"(2008, 28)",741.0,1588.0,404.0,246.0,897.0,451.0,1345.0
"(2008, 29)",675.0,1729.0,492.0,260.0,887.0,900.0,1129.0
"(2008, 30)",776.0,1297.0,402.0,290.0,940.0,382.0,1205.0
"(2008, 31)",684.0,1652.0,587.0,310.0,875.0,366.0,1128.0
"(2008, 32)",672.0,1326.0,469.0,269.0,770.0,346.0,1286.0
"(2008, 33)",663.0,1492.0,494.0,274.0,918.0,422.0,1147.0
"(2008, 34)",675.0,1534.0,536.0,269.0,1063.0,430.0,1133.0
"(2008, 35)",728.0,1467.0,599.0,448.0,1243.0,684.0,1183.0
"(2008, 36)",642.0,1547.0,574.0,332.0,1001.0,624.0,1080.0
"(2008, 37)",708.0,1538.0,532.0,312.0,1068.0,506.0,1034.0
"(2008, 38)",714.0,1546.0,577.0,304.0,1098.0,551.0,1098.0
"(2008, 39)",756.0,1597.0,636.0,318.0,1053.0,446.0,1257.0
"(2008, 40)",722.0,1499.0,699.0,307.0,1096.0,606.0,1272.0
"(2008, 41)",695.0,1635.0,740.0,717.0,1054.0,626.0,1335.0
"(2008, 42)",765.0,1827.0,875.0,551.0,1104.0,552.0,1421.0
"(2008, 43)",896.0,1734.0,929.0,373.0,1229.0,440.0,1448.0
"(2008, 44)",761.0,1985.0,844.0,1032.0,1395.0,555.0,1286.0
"(2008, 45)",828.0,1859.0,872.0,1185.0,1139.0,581.0,1561.0
"(2008, 46)",845.0,1917.0,936.0,1411.0,1104.0,510.0,1437.0
"(2008, 47)",1022.0,2394.0,967.0,1360.0,1128.0,505.0,1571.0
"(2008, 48)",722.0,2349.0,865.0,938.0,1079.0,359.0,1573.0
"(2008, 49)",729.0,2208.0,905.0,735.0,1276.0,436.0,1491.0
"(2008, 50)",776.0,2102.0,869.0,909.0,1120.0,443.0,1582.0
"(2008, 51)",703.0,2120.0,868.0,876.0,1278.0,457.0,1491.0
"(2008, 52)",646.0,1503.0,759.0,1806.0,1199.0,235.0,1142.0
"(2009, 01)",412.0,1215.0,547.0,796.0,626.0,144.0,682.0
"(2009, 02)",995.0,2084.0,835.0,907.0,1528.0,468.0,1713.0
"(2009, 03)",1064.0,2060.0,807.0,594.0,1428.0,672.0,1812.0
"(2009, 04)",1107.0,2315.0,784.0,906.0,1491.0,732.0,1721.0
"(2009, 05)",1052.0,2246.0,986.0,1009.0,1295.0,651.0,1838.0
"(2009, 06)",961.0,2272.0,942.0,720.0,1446.0,566.0,1841.0
"(2009, 07)",952.0,2021.0,998.0,591.0,1815.0,533.0,1707.0
"(2009, 08)",979.0,2137.0,1037.0,495.0,1576.0,584.0,1666.0
"(2009, 09)",1028.0,2221.0,1194.0,546.0,2028.0,611.0,2123.0
"(2009, 10)",957.0,2519.0,1387.0,482.0,1882.0,586.0,1848.0
"(2009, 11)",927.0,2795.0,1216.0,505.0,1858.0,637.0,1916.0
"(2009, 12)",994.0,2662.0,1133.0,608.0,1709.0,575.0,1930.0
"(2009, 13)",1267.0,2287.0,1169.0,422.0,1521.0,593.0,2014.0
"(2009, 14)",1214.0,2425.0,1030.0,403.0,1743.0,927.0,1989.0
"(2009, 15)",1148.0,2441.0,1036.0,604.0,1758.0,793.0,2269.0
"(2009, 16)",1263.0,2256.0,1069.0,452.0,1854.0,825.0,1845.0
"(2009, 17)",1183.0,2456.0,1248.0,556.0,1800.0,1162.0,2360.0
"(2009, 18)",1172.0,2269.0,1206.0,485.0,1883.0,1040.0,2212.0
"(2009, 19)",1116.0,2535.0,1208.0,609.0,1842.0,941.0,1898.0
"(2009, 20)",1040.0,2310.0,1094.0,762.0,1812.0,1006.0,2010.0
"(2009, 21)",1107.0,2616.0,1251.0,1079.0,2123.0,903.0,2055.0
"(2009, 22)",1102.0,2906.0,1211.0,1198.0,1957.0,800.0,2272.0
"(2009, 23)",1159.0,2902.0,1506.0,1080.0,2224.0,1033.0,2823.0
"(2009, 24)",1208.0,2734.0,1371.0,696.0,2411.0,1360.0,2369.0
"(2009, 25)",1495.0,2919.0,1384.0,507.0,2505.0,1241.0,2457.0
"(2009, 26)",1349.0,2859.0,1436.0,575.0,2159.0,1309.0,2640.0
"(2009, 27)",1490.0,2906.0,1444.0,740.0,2243.0,1200.0,2540.0
"(2009, 28)",1270.0,3064.0,1331.0,1131.0,2118.0,1417.0,2632.0
"(2009, 29)",1124.0,2902.0,1330.0,695.0,2283.0,1413.0,2392.0
"(2009, 30)",1196.0,3488.0,1415.0,606.0,2425.0,1375.0,3010.0
"(2009, 31)",1307.0,3964.0,1407.0,617.0,2243.0,1248.0,2566.0
"(2009, 32)",1258.0,2534.0,1310.0,567.0,2046.0,1287.0,2287.0
"(2009, 33)",1232.0,2726.0,1302.0,653.0,1882.0,1181.0,2574.0
"(2009, 34)",1188.0,2654.0,1513.0,813.0,2045.0,1391.0,2627.0
"(2009, 35)",1307.0,2976.0,1437.0,715.0,2052.0,1279.0,2520.0
"(2009, 36)",1513.0,2976.0,1398.0,676.0,1960.0,1278.0,2378.0
"(2009, 37)",1453.0,2969.0,1480.0,558.0,2245.0,1241.0,2607.0
"(2009, 38)",1726.0,3377.0,1534.0,717.0,1886.0,1095.0,2754.0
"(2009, 39)",1304.0,3381.0,1808.0,730.0,2047.0,1327.0,2500.0
"(2009, 40)",1424.0,3159.0,1612.0,587.0,2902.0,1294.0,2749.0
"(2009, 41)",1332.0,3409.0,1531.0,709.0,3076.0,1130.0,2833.0
"(2009, 42)",1259.0,3193.0,1508.0,876.0,2439.0,1082.0,2784.0
"(2009, 43)",1428.0,3527.0,1450.0,884.0,3230.0,974.0,3430.0
"(2009, 44)",1618.0,3742.0,1460.0,781.0,4193.0,1115.0,3001.0
"(2009, 45)",1860.0,3101.0,1573.0,715.0,2426.0,1150.0,3011.0
"(2009, 46)",1549.0,3407.0,1917.0,666.0,2379.0,1115.0,2735.0
"(2009, 47)",1770.0,3357.0,1454.0,784.0,2542.0,1296.0,2742.0
"(2009, 48)",1400.0,3433.0,1418.0,671.0,2744.0,966.0,2647.0
"(2009, 49)",1644.0,3924.0,1702.0,700.0,2818.0,1235.0,2935.0
"(2009, 50)",1576.0,3153.0,1704.0,670.0,2449.0,1217.0,2672.0
"(2009, 51)",1387.0,3661.0,1599.0,786.0,2635.0,1236.0,2675.0
"(2009, 52)",1045.0,3341.0,1483.0,592.0,2141.0,756.0,2318.0
"(2010, 01)",2509.0,4968.0,2584.0,1235.0,3622.0,1729.0,3858.0
"(2010, 02)",1521.0,4003.0,1720.0,681.0,2174.0,1248.0,3195.0
"(2010, 03)",1377.0,3543.0,1772.0,800.0,2655.0,1243.0,3452.0
"(2010, 04)",1572.0,3539.0,1883.0,806.0,2469.0,1429.0,3336.0
"(2010, 05)",1640.0,3650.0,1733.0,806.0,2457.0,1405.0,3182.0
"(2010, 06)",1838.0,3940.0,1968.0,978.0,2669.0,1269.0,3905.0
"(2010, 07)",1771.0,3721.0,2172.0,890.0,2539.0,1208.0,3496.0
"(2010, 08)",1668.0,3532.0,2027.0,959.0,2791.0,1454.0,3862.0
"(2010, 09)",1776.0,3837.0,2551.0,942.0,2537.0,1390.0,3954.0
"(2010, 10)",2168.0,3703.0,2188.0,910.0,2409.0,1370.0,3524.0
"(2010, 11)",1877.0,4020.0,1910.0,872.0,2768.0,1445.0,3729.0
"(2010, 12)",2235.0,3780.0,1984.0,952.0,2849.0,1481.0,3659.0
"(2010, 13)",2068.0,3632.0,2064.0,754.0,2938.0,1220.0,3757.0
"(2010, 14)",2138.0,3953.0,1997.0,971.0,2673.0,1347.0,3630.0
"(2010, 15)",2068.0,4011.0,1818.0,861.0,2896.0,1519.0,4004.0
"(2010, 16)",2160.0,3435.0,2115.0,877.0,2975.0,1536.0,3849.0
"(2010, 17)",2265.0,3616.0,2006.0,1042.0,3344.0,1656.0,3913.0
"(2010, 18)",2357.0,4086.0,2126.0,1030.0,2985.0,1650.0,3377.0
"(2010, 19)",2423.0,4160.0,2001.0,1413.0,3060.0,1584.0,3927.0
"(2010, 20)",2179.0,3852.0,2533.0,840.0,3246.0,1508.0,3892.0
"(2010, 21)",2259.0,3711.0,2224.0,844.0,3146.0,1429.0,4063.0
"(2010, 22)",2322.0,3324.0,2268.0,972.0,3055.0,1279.0,4566.0
"(2010, 23)",2268.0,3840.0,2163.0,913.0,3554.0,1244.0,4202.0
"(2010, 24)",2213.0,3726.0,2688.0,918.0,3682.0,1194.0,3912.0
"(2010, 25)",2235.0,4003.0,2361.0,1014.0,3536.0,1270.0,4065.0
"(2010, 26)",2290.0,4013.0,2309.0,987.0,3498.0,1397.0,3817.0
"(2010, 27)",2016.0,3933.0,2209.0,1045.0,3432.0,1294.0,4075.0
"(2010, 28)",2376.0,4218.0,2360.0,1080.0,3518.0,1488.0,3747.0
"(2010, 29)",2497.0,4114.0,2640.0,1123.0,3095.0,1653.0,3712.0
"(2010, 30)",2548.0,4533.0,2318.0,1048.0,3209.0,1531.0,3772.0
"(2010, 31)",2084.0,4213.0,2120.0,1171.0,3535.0,1372.0,3633.0
"(2010, 32)",2397.0,4563.0,2524.0,1200.0,3347.0,1398.0,3750.0
"(2010, 33)",1977.0,4110.0,2622.0,1200.0,3405.0,1388.0,3734.0
"(2010, 34)",2122.0,4170.0,2385.0,1171.0,3559.0,1540.0,3793.0
"(2010, 35)",2728.0,4170.0,2335.0,1180.0,3533.0,1650.0,3900.0
"(2010, 36)",2460.0,3937.0,2298.0,1069.0,3609.0,1528.0,3943.0
"(2010, 37)",2410.0,4485.0,2608.0,1271.0,3500.0,1661.0,4407.0
"(2010, 38)",2311.0,4162.0,2215.0,1315.0,3348.0,1666.0,4929.0
"(2010, 39)",2402.0,4688.0,2246.0,1315.0,3314.0,1713.0,4730.0
"(2010, 40)",2437.0,4804.0,2464.0,1254.0,3689.0,1934.0,4875.0
"(2010, 41)",2272.0,4842.0,2589.0,1206.0,3735.0,1834.0,4131.0
"(2010, 42)",2769.0,4772.0,2651.0,1232.0,3929.0,1731.0,4498.0
"(2010, 43)",2647.0,4859.0,2574.0,1413.0,3813.0,1809.0,5577.0
"(2010, 44)",2437.0,4633.0,2495.0,1411.0,3996.0,1877.0,5957.0
"(2010, 45)",2851.0,4658.0,2944.0,1316.0,3789.0,1810.0,4784.0
"(2010, 46)",2465.0,4940.0,2618.0,1313.0,4091.0,1663.0,5723.0
"(2010, 47)",2083.0,5164.0,2674.0,1111.0,3943.0,1664.0,4345.0
"(2010, 48)",2147.0,4554.0,2357.0,1240.0,3817.0,2062.0,4645.0
"(2010, 49)",2441.0,4726.0,2592.0,1288.0,4117.0,2086.0,4933.0
"(2010, 50)",2479.0,4775.0,2475.0,1230.0,4254.0,2016.0,4511.0
"(2010, 51)",1985.0,4452.0,2605.0,1067.0,3611.0,1417.0,3996.0
"(2010, 52)",1543.0,3194.0,1565.0,926.0,2531.0,963.0,2882.0
"(2011, 01)",3741.0,5842.0,3664.0,1515.0,4230.0,2051.0,5073.0
"(2011, 02)",2811.0,4809.0,2795.0,1356.0,4326.0,1896.0,5144.0
"(2011, 03)",2663.0,5079.0,3087.0,1357.0,4762.0,1782.0,5007.0
"(2011, 04)",2827.0,5480.0,3244.0,1590.0,5184.0,1907.0,4677.0
"(2011, 05)",3093.0,5225.0,3427.0,1606.0,4693.0,1972.0,5438.0
"(2011, 06)",3139.0,5698.0,3338.0,1672.0,5366.0,2137.0,5506.0
"(2011, 07)",3521.0,7422.0,3082.0,1562.0,4607.0,2294.0,5606.0
"(2011, 08)",3186.0,5957.0,3465.0,1793.0,4862.0,2335.0,5448.0
"(2011, 09)",3178.0,5899.0,3619.0,1495.0,4875.0,2238.0,5798.0
"(2011, 10)",3018.0,6077.0,3477.0,1605.0,4845.0,2351.0,5389.0
"(2011, 11)",2662.0,6387.0,4045.0,1594.0,4757.0,2354.0,5679.0
"(2011, 12)",3244.0,5942.0,3658.0,1398.0,4886.0,2219.0,5796.0
"(2011, 13)",3083.0,6086.0,3645.0,1705.0,4560.0,2097.0,6587.0
"(2011, 14)",3061.0,6336.0,3479.0,1603.0,4641.0,2183.0,5661.0
"(2011, 15)",3230.0,7150.0,3847.0,1523.0,4971.0,2319.0,5770.0
"(2011, 16)",3330.0,6043.0,4608.0,1423.0,4618.0,2139.0,5587.0
"(2011, 17)",3189.0,6268.0,4129.0,1613.0,5013.0,2332.0,5369.0
"(2011, 18)",3236.0,8670.0,4255.0,1636.0,5266.0,2411.0,5680.0
"(2011, 19)",3639.0,14794.0,4161.0,1615.0,5013.0,2360.0,5615.0
"(2011, 20)",4114.0,10483.0,4253.0,1576.0,5057.0,2333.0,6354.0
"(2011, 21)",3057.0,13887.0,4327.0,1592.0,4764.0,2492.0,6015.0
"(2011, 22)",3385.0,6877.0,4860.0,1587.0,4899.0,2465.0,5818.0
"(2011, 23)",3773.0,6772.0,5853.0,1704.0,5417.0,2828.0,5855.0
"(2011, 24)",3466.0,6779.0,5259.0,1599.0,5406.0,2887.0,5563.0
"(2011, 25)",4245.0,7188.0,5675.0,1482.0,5520.0,3291.0,6770.0
"(2011, 26)",3514.0,7135.0,4961.0,1647.0,5556.0,3175.0,6584.0
"(2011, 27)",3136.0,7008.0,4553.0,1758.0,5463.0,2684.0,6444.0
"(2011, 28)",3374.0,7293.0,4622.0,1751.0,5868.0,2791.0,6120.0
"(2011, 29)",3348.0,7785.0,5313.0,1717.0,5856.0,2772.0,6152.0
"(2011, 30)",3541.0,7797.0,4657.0,1678.0,5520.0,2909.0,6546.0
"(2011, 31)",3357.0,7500.0,4926.0,1678.0,5163.0,2715.0,6323.0
"(2011, 32)",3648.0,7363.0,4943.0,1672.0,5295.0,2885.0,6673.0
"(2011, 33)",3712.0,7511.0,5993.0,1801.0,5302.0,3048.0,7370.0
"(2011, 34)",3551.0,7736.0,5467.0,1820.0,5452.0,2948.0,7415.0
"(2011, 35)",3352.0,7117.0,5727.0,1737.0,5754.0,2844.0,7291.0
"(2011, 36)",3365.0,7869.0,5676.0,1809.0,5579.0,3043.0,6817.0
"(2011, 37)",3764.0,8027.0,5592.0,1808.0,6410.0,3144.0,7400.0
"(2011, 38)",4778.0,8564.0,5977.0,2030.0,5608.0,3091.0,7255.0
"(2011, 39)",5064.0,8908.0,5712.0,1996.0,5566.0,3065.0,8209.0
"(2011, 40)",4354.0,8650.0,5936.0,2303.0,5641.0,3225.0,8135.0
"(2011, 41)",4027.0,9785.0,5667.0,2011.0,5859.0,3016.0,8538.0
"(2011, 42)",4643.0,10624.0,6011.0,1993.0,5723.0,3847.0,7826.0
"(2011, 43)",4049.0,9228.0,6464.0,2178.0,6990.0,3512.0,8587.0
"(2011, 44)",4006.0,8836.0,7064.0,2329.0,7429.0,3401.0,8529.0
"(2011, 45)",4084.0,9012.0,6830.0,2151.0,6823.0,3510.0,8709.0
"(2011, 46)",4424.0,9894.0,6484.0,2089.0,6122.0,3593.0,7990.0
"(2011, 47)",3608.0,8867.0,5818.0,2074.0,5809.0,3086.0,6985.0
"(2011, 48)",4385.0,9697.0,5471.0,2388.0,6222.0,3567.0,7921.0
"(2011, 49)",4156.0,9367.0,5772.0,2410.0,6242.0,3406.0,7940.0
"(2011, 50)",4027.0,9400.0,5837.0,2246.0,7198.0,3351.0,7387.0
"(2011, 51)",3622.0,9403.0,5711.0,2234.0,6064.0,3225.0,7231.0
"(2011, 52)",2939.0,7875.0,4704.0,2075.0,5098.0,2566.0,6174.0
"(2012, 01)",4411.0,11016.0,6635.0,2647.0,7563.0,3618.0,9267.0
"(2012, 02)",5411.0,10976.0,5982.0,2493.0,6598.0,3534.0,8799.0
"(2012, 03)",4389.0,10130.0,6170.0,2626.0,7131.0,3472.0,8440.0
"(2012, 04)",4258.0,9439.0,6028.0,2443.0,6234.0,3655.0,8464.0
"(2012, 05)",4436.0,12197.0,6031.0,2686.0,6022.0,3531.0,8441.0
"(2012, 06)",4509.0,11825.0,6497.0,2807.0,6540.0,3758.0,8311.0
"(2012, 07)",4540.0,12459.0,6385.0,2625.0,6804.0,3768.0,8210.0
"(2012, 08)",4860.0,10272.0,7003.0,3462.0,7252.0,4754.0,8766.0
"(2012, 09)",5372.0,9815.0,6823.0,2509.0,6307.0,3955.0,9045.0
"(2012, 10)",5197.0,11395.0,7086.0,2528.0,6581.0,3621.0,11451.0
"(2012, 11)",4725.0,10038.0,7105.0,2517.0,6604.0,4029.0,9637.0
"(2012, 12)",4565.0,26805.0,7326.0,3124.0,7251.0,3948.0,10435.0
"(2012, 13)",5247.0,11455.0,7072.0,2746.0,6474.0,3793.0,10247.0
"(2012, 14)",4853.0,10783.0,6769.0,2404.0,6874.0,3545.0,9433.0
"(2012, 15)",4804.0,11769.0,6319.0,2716.0,7196.0,4075.0,9571.0
"(2012, 16)",4594.0,13657.0,7006.0,2945.0,6930.0,4179.0,9883.0
"(2012, 17)",4948.0,18196.0,7445.0,2767.0,6925.0,4153.0,9330.0
"(2012, 18)",4905.0,11541.0,7186.0,2494.0,6719.0,4163.0,9299.0
"(2012, 19)",5004.0,10727.0,7277.0,2691.0,6721.0,4385.0,10080.0
"(2012, 20)",4642.0,10873.0,7617.0,2636.0,6786.0,4212.0,9426.0
"(2012, 21)",5855.0,10658.0,7475.0,2825.0,7024.0,4106.0,10025.0
"(2012, 22)",4823.0,11811.0,7539.0,2767.0,6429.0,4139.0,9909.0
"(2012, 23)",5144.0,12510.0,9326.0,2739.0,7221.0,4134.0,9885.0
"(2012, 24)",4637.0,11322.0,7722.0,2847.0,7500.0,4112.0,10028.0
"(2012, 25)",5338.0,12388.0,7913.0,2767.0,7696.0,4211.0,10459.0
"(2012, 26)",5871.0,11078.0,8192.0,3159.0,7587.0,4106.0,10053.0
"(2012, 27)",5324.0,11544.0,7752.0,2975.0,7349.0,3717.0,9340.0
"(2012, 28)",5200.0,17540.0,8206.0,2794.0,7577.0,4157.0,9913.0
"(2012, 29)",5099.0,16878.0,8018.0,3073.0,7902.0,4190.0,9502.0
"(2012, 30)",5242.0,15495.0,7939.0,3233.0,7910.0,4099.0,10230.0
"(2012, 31)",4923.0,13206.0,8313.0,3086.0,9032.0,3971.0,10755.0
"(2012, 32)",4886.0,11606.0,8250.0,3102.0,7972.0,3940.0,10197.0
"(2012, 33)",4769.0,12418.0,10633.0,2909.0,7612.0,3930.0,9500.0
"(2012, 34)",4764.0,13157.0,9195.0,2938.0,7654.0,4012.0,9640.0
"(2012, 35)",5261.0,13535.0,9408.0,3287.0,7450.0,4271.0,10101.0
"(2012, 36)",5079.0,12831.0,9167.0,3126.0,7224.0,4443.0,9498.0
"(2012, 37)",5239.0,15386.0,9462.0,3284.0,8056.0,4078.0,10717.0
"(2012, 38)",6214.0,13242.0,10053.0,3736.0,8007.0,4050.0,9768.0
"(2012, 39)",5852.0,12978.0,9735.0,3418.0,7731.0,3762.0,10644.0
"(2012, 40)",5441.0,12945.0,10187.0,5151.0,8274.0,4063.0,11273.0
"(2012, 41)",6037.0,13339.0,9959.0,3377.0,8813.0,3917.0,12020.0
"(2012, 42)",5367.0,13166.0,9959.0,3368.0,9602.0,4314.0,13248.0
"(2012, 43)",5712.0,12586.0,10223.0,3465.0,9315.0,4100.0,10900.0
"(2012, 44)",5706.0,13158.0,10985.0,3505.0,8690.0,4390.0,10857.0
"(2012, 45)",5975.0,13868.0,11153.0,3663.0,9259.0,4448.0,12472.0
"(2012, 46)",5716.0,13452.0,12607.0,3965.0,9506.0,4638.0,11300.0
"(2012, 47)",5270.0,12849.0,11215.0,3466.0,9546.0,4178.0,10891.0
"(2012, 48)",5687.0,13440.0,10953.0,3738.0,9246.0,4534.0,11414.0
"(2012, 49)",6582.0,14053.0,11069.0,3765.0,9333.0,9583.0,11127.0
"(2012, 50)",5895.0,14152.0,11719.0,3440.0,8816.0,4550.0,11623.0
"(2012, 51)",5836.0,14003.0,10851.0,3431.0,9859.0,4382.0,11577.0
"(2012, 52)",4220.0,12037.0,9430.0,3087.0,8055.0,3060.0,9651.0
"(2013, 01)",5883.0,15387.0,11915.0,3825.0,9124.0,4551.0,12041.0
"(2013, 02)",7955.0,13372.0,11065.0,3526.0,8712.0,4561.0,10531.0
"(2013, 03)",5827.0,13489.0,10877.0,3395.0,10032.0,4585.0,12722.0
"(2013, 04)",6765.0,13638.0,11525.0,3689.0,10493.0,4644.0,11847.0
"(2013, 05)",6212.0,13899.0,12233.0,4200.0,10667.0,4657.0,11765.0
"(2013, 06)",5926.0,15501.0,12375.0,3859.0,10921.0,4790.0,11886.0
"(2013, 07)",6043.0,16059.0,12171.0,3662.0,10538.0,4822.0,11882.0
"(2013, 08)",6140.0,17872.0,12621.0,3786.0,10167.0,4625.0,14755.0
"(2013, 09)",6791.0,17461.0,13005.0,3702.0,11998.0,4959.0,12182.0
"(2013, 10)",6400.0,15904.0,13323.0,3907.0,10469.0,6246.0,12730.0
"(2013, 11)",6872.0,16092.0,12949.0,3534.0,9846.0,5235.0,12072.0
"(2013, 12)",7055.0,15457.0,13005.0,4115.0,9490.0,5454.0,13286.0
"(2013, 13)",6581.0,15721.0,14063.0,3712.0,9520.0,5680.0,13142.0
"(2013, 14)",6093.0,16754.0,12941.0,4052.0,10702.0,5218.0,12971.0
"(2013, 15)",6657.0,17590.0,12425.0,3852.0,9792.0,5455.0,12902.0
"(2013, 16)",6536.0,17812.0,14198.0,3633.0,9941.0,6389.0,14100.0
"(2013, 17)",7092.0,16576.0,13012.0,3644.0,10001.0,6571.0,13134.0
"(2013, 18)",8110.0,16613.0,12771.0,3798.0,9121.0,5737.0,12649.0
"(2013, 19)",7140.0,15800.0,12291.0,3806.0,9591.0,5694.0,13445.0
"(2013, 20)",10739.0,15816.0,13219.0,3874.0,9620.0,5888.0,12859.0
"(2013, 21)",8487.0,16671.0,12981.0,4421.0,9488.0,5820.0,14043.0
"(2013, 22)",6482.0,16854.0,12391.0,4110.0,9875.0,5546.0,12767.0
"(2013, 23)",7115.0,16335.0,13505.0,4021.0,8729.0,6365.0,12958.0
"(2013, 24)",6841.0,17139.0,16605.0,4286.0,9187.0,6203.0,12284.0
"(2013, 25)",7124.0,17060.0,14008.0,4279.0,9538.0,6411.0,14441.0
"(2013, 26)",7183.0,17032.0,14258.0,4699.0,10110.0,6159.0,13126.0
"(2013, 27)",6614.0,16113.0,14153.0,4444.0,9534.0,5936.0,12541.0
"(2013, 28)",6818.0,17430.0,13202.0,4546.0,9449.0,5975.0,13393.0
"(2013, 29)",6717.0,18363.0,13888.0,4475.0,10580.0,5995.0,12232.0
"(2013, 30)",7166.0,18234.0,13938.0,4771.0,15373.0,6754.0,13089.0
"(2013, 31)",6554.0,17395.0,14119.0,5117.0,9687.0,6649.0,13188.0
"(2013, 32)",6708.0,17212.0,15414.0,4303.0,10107.0,6207.0,12623.0
"(2013, 33)",6431.0,16711.0,15211.0,4495.0,8993.0,6599.0,13942.0
"(2013, 34)",7055.0,17746.0,16738.0,4251.0,8909.0,6407.0,12252.0
"(2013, 35)",6921.0,17353.0,15448.0,4295.0,9602.0,6650.0,12806.0
"(2013, 36)",7258.0,17220.0,15197.0,4505.0,10182.0,6360.0,12474.0
"(2013, 37)",6988.0,17036.0,15855.0,4788.0,9621.0,6721.0,14245.0
"(2013, 38)",6858.0,17445.0,18463.0,5220.0,9791.0,6579.0,13442.0
"(2013, 39)",6930.0,18733.0,16524.0,4584.0,10549.0,7542.0,13577.0
"(2013, 40)",7253.0,17991.0,15879.0,4698.0,10279.0,7535.0,17375.0
"(2013, 41)",6987.0,18057.0,16467.0,5016.0,10240.0,7482.0,15392.0
"(2013, 42)",6561.0,17177.0,15658.0,4948.0,10930.0,6669.0,14696.0
"(2013, 43)",7206.0,18549.0,16665.0,4499.0,10337.0,6750.0,16470.0
"(2013, 44)",7492.0,19002.0,16819.0,4589.0,10533.0,7222.0,15393.0
"(2013, 45)",7548.0,18333.0,16834.0,4563.0,10541.0,7051.0,14641.0
"(2013, 46)",7836.0,17838.0,16683.0,4648.0,11139.0,7229.0,14742.0
"(2013, 47)",7401.0,17927.0,16849.0,4876.0,10612.0,9616.0,15324.0
"(2013, 48)",6486.0,17185.0,16124.0,4333.0,10695.0,6591.0,13166.0
"(2013, 49)",6772.0,19161.0,15963.0,5058.0,12540.0,8423.0,14480.0
"(2013, 50)",7422.0,18299.0,15928.0,4549.0,11494.0,8125.0,14260.0
"(2013, 51)",7994.0,18943.0,16730.0,4566.0,11182.0,7412.0,14058.0
"(2013, 52)",5559.0,15984.0,13681.0,3637.0,8651.0,5009.0,10496.0
"(2014, 01)",7704.0,22354.0,19141.0,4950.0,11134.0,7300.0,13839.0
"(2014, 02)",9108.0,19008.0,15213.0,4621.0,9580.0,7416.0,13272.0
"(2014, 03)",7167.0,19377.0,16242.0,4787.0,10576.0,8244.0,14209.0
"(2014, 04)",7740.0,20454.0,15983.0,4681.0,11383.0,7410.0,14069.0
"(2014, 05)",7821.0,19223.0,16693.0,4596.0,11182.0,7437.0,15067.0
"(2014, 06)",7938.0,19453.0,16570.0,4732.0,11258.0,8679.0,14806.0
"(2014, 07)",7886.0,20934.0,17786.0,5151.0,11496.0,8452.0,14181.0
"(2014, 08)",7905.0,20449.0,17230.0,5045.0,11690.0,7868.0,14671.0
"(2014, 09)",9023.0,21378.0,17923.0,4906.0,12924.0,8507.0,14518.0
"(2014, 10)",7685.0,21346.0,18479.0,5022.0,13121.0,8987.0,16558.0
"(2014, 11)",7917.0,21360.0,18389.0,4837.0,13141.0,7999.0,17046.0
"(2014, 12)",7578.0,22054.0,18908.0,4766.0,13487.0,7700.0,15424.0
"(2014, 13)",8922.0,21980.0,18566.0,4684.0,11858.0,8056.0,16462.0
"(2014, 14)",8628.0,22039.0,18437.0,4828.0,11392.0,8244.0,14995.0
"(2014, 15)",8349.0,44206.0,18393.0,4950.0,11549.0,8161.0,16502.0
"(2014, 16)",8055.0,20970.0,17910.0,4733.0,11125.0,8119.0,15644.0
"(2014, 17)",8968.0,22273.0,17878.0,4769.0,11562.0,8125.0,15653.0
"(2014, 18)",7935.0,22821.0,18490.0,5002.0,11593.0,8263.0,15335.0
"(2014, 19)",8076.0,22425.0,18218.0,4844.0,11285.0,8348.0,15400.0
"(2014, 20)",7990.0,23389.0,18332.0,4949.0,10741.0,8195.0,14283.0
"(2014, 21)",7799.0,22895.0,19302.0,4784.0,12316.0,8353.0,15589.0
"(2014, 22)",7682.0,22464.0,20805.0,4813.0,10864.0,7822.0,15310.0
"(2014, 23)",7819.0,23812.0,20352.0,4929.0,11432.0,8425.0,15115.0
"(2014, 24)",7808.0,23904.0,21946.0,4972.0,11725.0,7808.0,15242.0
"(2014, 25)",8007.0,23009.0,19194.0,5054.0,10916.0,8414.0,14484.0
"(2014, 26)",8815.0,23925.0,19595.0,4888.0,11373.0,7926.0,15974.0
"(2014, 27)",7929.0,22639.0,19498.0,4729.0,11119.0,7662.0,13955.0
"(2014, 28)",8029.0,23144.0,19412.0,4677.0,15101.0,8051.0,15437.0
"(2014, 29)",8965.0,24483.0,19733.0,4850.0,10962.0,8649.0,15493.0
"(2014, 30)",8350.0,26375.0,20507.0,4839.0,12832.0,8451.0,14614.0
"(2014, 31)",7871.0,24014.0,19780.0,4641.0,11181.0,8271.0,14270.0
"(2014, 32)",7663.0,24693.0,20536.0,4812.0,10760.0,8160.0,14795.0
"(2014, 33)",7492.0,25253.0,22321.0,4983.0,11526.0,8371.0,14916.0
"(2014, 34)",7326.0,26743.0,21183.0,5188.0,11741.0,8590.0,15360.0
"(2014, 35)",7539.0,27222.0,21207.0,5063.0,11458.0,8361.0,16719.0
"(2014, 36)",8367.0,25101.0,20659.0,4780.0,12356.0,8023.0,15272.0
"(2014, 37)",8208.0,25270.0,21936.0,5072.0,12254.0,8202.0,15026.0
"(2014, 38)",8451.0,25764.0,22085.0,5090.0,13123.0,8451.0,15516.0
"(2014, 39)",8446.0,26184.0,21671.0,5224.0,14033.0,8947.0,15759.0
"(2014, 40)",8349.0,25487.0,22575.0,5822.0,15330.0,8623.0,17124.0
"(2014, 41)",7971.0,26736.0,23243.0,5644.0,13078.0,8791.0,15981.0
"(2014, 42)",7910.0,26306.0,23190.0,5252.0,12815.0,9130.0,16422.0
"(2014, 43)",7820.0,25917.0,22273.0,5673.0,12316.0,9491.0,17103.0
"(2014, 44)",7949.0,28129.0,23452.0,5436.0,12557.0,8798.0,17138.0
"(2014, 45)",8844.0,28156.0,23321.0,5298.0,18916.0,9194.0,17432.0
"(2014, 46)",8560.0,28317.0,25387.0,5497.0,14127.0,9156.0,16668.0
"(2014, 47)",8000.0,27925.0,26318.0,6023.0,13853.0,9356.0,17117.0
"(2014, 48)",7492.0,27540.0,23846.0,5740.0,13296.0,8034.0,15953.0
"(2014, 49)",8660.0,27828.0,24460.0,5670.0,13497.0,9029.0,17977.0
"(2014, 50)",8161.0,27654.0,23207.0,5715.0,13501.0,8995.0,17655.0
"(2014, 51)",9120.0,27676.0,23564.0,5424.0,13556.0,8533.0,17242.0
"(2014, 52)",6296.0,24001.0,20010.0,4537.0,11836.0,6589.0,12969.0
"(2015, 01)",3564.0,12133.0,11272.0,2444.0,5771.0,2921.0,6978.0
"(2015, 02)",11603.0,30931.0,21766.0,5411.0,11918.0,8706.0,16800.0
"(2015, 03)",8456.0,27722.0,22699.0,5408.0,12439.0,9193.0,18033.0
"(2015, 04)",9344.0,28882.0,22602.0,5635.0,13095.0,9337.0,17953.0
"(2015, 05)",7996.0,28844.0,24672.0,5918.0,13665.0,9442.0,18487.0
"(2015, 06)",8303.0,29323.0,24277.0,5811.0,14357.0,10301.0,18116.0
"(2015, 07)",8585.0,29934.0,23677.0,6110.0,13298.0,9718.0,18154.0
"(2015, 08)",8781.0,29328.0,23895.0,6486.0,13574.0,10899.0,18020.0
"(2015, 09)",13234.0,30560.0,24423.0,6041.0,14150.0,10222.0,18493.0
"(2015, 10)",9104.0,30912.0,24892.0,5737.0,12854.0,9399.0,19172.0
"(2015, 11)",9009.0,30967.0,25098.0,5988.0,13166.0,9773.0,18998.0
"(2015, 12)",9084.0,29979.0,25069.0,6251.0,12775.0,10460.0,18896.0
"(2015, 13)",9289.0,30771.0,25446.0,6503.0,13315.0,10249.0,18887.0
"(2015, 14)",8672.0,30954.0,25507.0,6112.0,13424.0,9305.0,18675.0
"(2015, 15)",9014.0,29866.0,24659.0,5895.0,13524.0,9831.0,18379.0
"(2015, 16)",9253.0,31640.0,25524.0,5964.0,13151.0,10835.0,23523.0
"(2015, 17)",9331.0,31814.0,24706.0,6040.0,13777.0,10737.0,18676.0
"(2015, 18)",8935.0,30146.0,23326.0,6080.0,13988.0,10751.0,18899.0
"(2015, 19)",10054.0,31764.0,23741.0,5924.0,13657.0,10699.0,18671.0
"(2015, 20)",9819.0,32312.0,23564.0,6146.0,13843.0,9977.0,19416.0
"(2015, 21)",9829.0,31557.0,25328.0,9950.0,15741.0,10211.0,19267.0
"(2015, 22)",9656.0,31568.0,25840.0,7359.0,13550.0,9910.0,19172.0
"(2015, 23)",10529.0,32474.0,25991.0,6201.0,13909.0,10261.0,20978.0
"(2015, 24)",9586.0,32071.0,27037.0,7493.0,13326.0,9702.0,21516.0
"(2015, 25)",10134.0,32406.0,29383.0,8610.0,13767.0,10363.0,22325.0
"(2015, 26)",10476.0,33033.0,27618.0,6498.0,15308.0,10888.0,20023.0
"(2015, 27)",9597.0,36666.0,25942.0,6406.0,14504.0,9929.0,21741.0
"(2015, 28)",9803.0,34243.0,25829.0,6083.0,14847.0,10346.0,19331.0
"(2015, 29)",9417.0,33496.0,25839.0,6370.0,15661.0,10260.0,19588.0
"(2015, 30)",8942.0,34332.0,26454.0,6426.0,15875.0,25228.0,18864.0
"(2015, 31)",10801.0,35080.0,26737.0,6543.0,14878.0,10349.0,19389.0
"(2015, 32)",9155.0,33387.0,28051.0,6435.0,14518.0,10844.0,20166.0
"(2015, 33)",9105.0,33124.0,25956.0,6479.0,16074.0,10871.0,21145.0
"(2015, 34)",9770.0,33372.0,27020.0,6600.0,19060.0,10775.0,19945.0
"(2015, 35)",10996.0,33867.0,27576.0,6333.0,14624.0,10635.0,21235.0
"(2015, 36)",11654.0,33086.0,28381.0,6543.0,15974.0,11285.0,19372.0
"(2015, 37)",11697.0,33882.0,28266.0,6566.0,15065.0,12662.0,21513.0
"(2015, 38)",12241.0,36287.0,29494.0,6600.0,15191.0,10830.0,21695.0
"(2015, 39)",12468.0,35506.0,28664.0,6808.0,15846.0,11688.0,21305.0
"(2015, 40)",11411.0,36601.0,28800.0,7058.0,15747.0,11208.0,21854.0
"(2015, 41)",10676.0,37392.0,29005.0,7175.0,16797.0,11567.0,21193.0
"(2015, 42)",10697.0,36770.0,28763.0,7535.0,17901.0,11643.0,22176.0
"(2015, 43)",11068.0,37826.0,30387.0,7434.0,17527.0,11914.0,22968.0
"(2015, 44)",12140.0,40358.0,31877.0,7615.0,17143.0,12514.0,24225.0
"(2015, 45)",12091.0,36749.0,30927.0,7443.0,17816.0,12338.0,21833.0
"(2015, 46)",10007.0,36586.0,33077.0,7096.0,15963.0,12081.0,22009.0
"(2015, 47)",10932.0,36715.0,30855.0,7520.0,15697.0,12518.0,23316.0
"(2015, 48)",9844.0,37233.0,29464.0,6840.0,17715.0,10997.0,21753.0
"(2015, 49)",11004.0,38625.0,30901.0,7775.0,17135.0,12701.0,23386.0
"(2015, 50)",11428.0,39581.0,29974.0,7700.0,17048.0,11815.0,23917.0
"(2015, 51)",10976.0,38548.0,30554.0,7879.0,16567.0,12329.0,21634.0
"(2015, 52)",9501.0,35279.0,28051.0,6739.0,17063.0,9250.0,18591.0
"(2016, 01)",19028.0,58707.0,44725.0,11439.0,24170.0,18115.0,32785.0
"(2016, 02)",11016.0,38826.0,30287.0,7450.0,15514.0,14701.0,23527.0
"(2016, 03)",11427.0,41174.0,30511.0,7908.0,16917.0,14693.0,23504.0
"(2016, 04)",11548.0,42479.0,31698.0,8924.0,17381.0,13378.0,23566.0
"(2016, 05)",11722.0,44104.0,33187.0,7898.0,16756.0,13265.0,25158.0
"(2016, 06)",11012.0,43937.0,32383.0,7954.0,19121.0,13209.0,24200.0
"(2016, 07)",11636.0,43013.0,31758.0,7899.0,19556.0,13356.0,24687.0
"(2016, 08)",12126.0,45847.0,31429.0,8047.0,17635.0,14200.0,25316.0
"(2016, 09)",12005.0,59618.0,32897.0,7866.0,17990.0,14219.0,26495.0
"(2016, 10)",12585.0,66734.0,31697.0,7912.0,19133.0,13997.0,26435.0
"(2016, 11)",11651.0,46820.0,32461.0,9095.0,17810.0,14210.0,27106.0
"(2016, 12)",10513.0,43556.0,32786.0,9012.0,17783.0,12507.0,25277.0
"(2016, 13)",11594.0,45878.0,33696.0,8079.0,16675.0,13354.0,25575.0
"(2016, 14)",11506.0,46114.0,32877.0,7928.0,16813.0,14275.0,24877.0
"(2016, 15)",12116.0,45590.0,33681.0,7979.0,16763.0,13708.0,24779.0
"(2016, 16)",12052.0,45629.0,35371.0,8309.0,16910.0,14183.0,24250.0
"(2016, 17)",12596.0,45768.0,36656.0,8350.0,17975.0,14654.0,23121.0
"(2016, 18)",11734.0,45803.0,33562.0,8219.0,17752.0,14723.0,25181.0
"(2016, 19)",12870.0,47608.0,35515.0,8379.0,18907.0,14790.0,23945.0
"(2016, 20)",13930.0,48468.0,35290.0,8358.0,18877.0,14783.0,23314.0
"(2016, 21)",13256.0,47576.0,34455.0,8604.0,17811.0,15162.0,22505.0
"(2016, 22)",12963.0,46894.0,35544.0,8679.0,17375.0,14697.0,22429.0
"(2016, 23)",16408.0,49205.0,37299.0,8839.0,31349.0,15588.0,23962.0
"(2016, 24)",13580.0,49246.0,39483.0,8820.0,18865.0,15450.0,25222.0
"(2016, 25)",14574.0,51095.0,36294.0,9162.0,18072.0,15541.0,24669.0
"(2016, 26)",13229.0,60530.0,37156.0,9203.0,17970.0,15791.0,23500.0
"(2016, 27)",11478.0,49222.0,35289.0,8682.0,17735.0,15750.0,23387.0
"(2016, 28)",12785.0,50593.0,36033.0,8673.0,19002.0,16380.0,24130.0
"(2016, 29)",12431.0,58027.0,35185.0,8779.0,18910.0,17326.0,23949.0
"(2016, 30)",13775.0,54445.0,36124.0,8842.0,19197.0,17885.0,23662.0
"(2016, 31)",13663.0,53444.0,36380.0,8966.0,18330.0,17106.0,24317.0
"(2016, 32)",14439.0,51303.0,36924.0,9202.0,17723.0,16536.0,23933.0
"(2016, 33)",15770.0,50741.0,37675.0,8862.0,18562.0,16272.0,24136.0
"(2016, 34)",13104.0,52131.0,37991.0,8839.0,19787.0,17420.0,24126.0
"(2016, 35)",14007.0,53430.0,38634.0,9191.0,19297.0,18197.0,24191.0
"(2016, 36)",15532.0,53888.0,37411.0,9132.0,19641.0,17995.0,26836.0
"(2016, 37)",14307.0,52509.0,38761.0,9381.0,20542.0,18149.0,28193.0
"(2016, 38)",14707.0,53846.0,38349.0,9742.0,21042.0,19121.0,26532.0
"(2016, 39)",14792.0,55777.0,37637.0,9677.0,21755.0,18308.0,27243.0
"(2016, 40)",15705.0,55365.0,40462.0,10070.0,21703.0,18618.0,27115.0
"(2016, 41)",14578.0,55969.0,41595.0,9808.0,21034.0,17842.0,26818.0
"(2016, 42)",14825.0,57375.0,40833.0,9961.0,20414.0,18198.0,27129.0
"(2016, 43)",15052.0,57457.0,40824.0,10133.0,20392.0,18852.0,27688.0
"(2016, 44)",15299.0,57079.0,39908.0,9866.0,22240.0,19584.0,28243.0
"(2016, 45)",15570.0,57544.0,39090.0,9797.0,21224.0,19539.0,28029.0
"(2016, 46)",15142.0,58552.0,40619.0,10381.0,21854.0,19641.0,28748.0
"(2016, 47)",14448.0,61463.0,38519.0,10028.0,20438.0,17688.0,27450.0
"(2016, 48)",15594.0,61416.0,40621.0,11048.0,21645.0,18759.0,29163.0
"(2016, 49)",16032.0,61551.0,40092.0,11694.0,21024.0,18596.0,29157.0
"(2016, 50)",15348.0,59795.0,40245.0,11372.0,21654.0,18201.0,27936.0
"(2016, 51)",14750.0,62007.0,39314.0,10958.0,21547.0,17141.0,26530.0
"(2016, 52)",10860.0,47082.0,31342.0,8630.0,16076.0,13299.0,20407.0
"(2017, 01)",19299.0,71390.0,48406.0,12537.0,25044.0,20737.0,32486.0
"(2017, 02)",16987.0,60951.0,40304.0,10710.0,21258.0,19028.0,29097.0
"(2017, 03)",19170.0,65716.0,39661.0,11136.0,22077.0,19832.0,30290.0
"(2017, 04)",17205.0,66398.0,42194.0,11260.0,25520.0,20468.0,28850.0
"(2017, 05)",21294.0,67216.0,41802.0,11594.0,22903.0,24904.0,31063.0
"(2017, 06)",18547.0,68799.0,41679.0,11617.0,25463.0,20355.0,30392.0
"(2017, 07)",17654.0,68012.0,41816.0,11372.0,35811.0,20756.0,30022.0
"(2017, 08)",16862.0,66270.0,41906.0,11362.0,27234.0,21307.0,32500.0
"(2017, 09)",18298.0,65691.0,44133.0,11521.0,23767.0,21689.0,33662.0
"(2017, 10)",16415.0,65179.0,43476.0,11609.0,22850.0,21541.0,33558.0
"(2017, 11)",18323.0,65746.0,43556.0,11618.0,21806.0,20938.0,32556.0
"(2017, 12)",17455.0,65705.0,42651.0,11669.0,22652.0,22045.0,31207.0
"(2017, 13)",17865.0,67834.0,44244.0,11974.0,24135.0,22677.0,32776.0
"(2017, 14)",19176.0,68799.0,42786.0,11740.0,24560.0,22441.0,32831.0
"(2017, 15)",17392.0,65770.0,42907.0,11494.0,23189.0,21427.0,32036.0
"(2017, 16)",18986.0,67565.0,42890.0,11652.0,23108.0,21898.0,33110.0
"(2017, 17)",18361.0,67714.0,43995.0,12013.0,23506.0,22765.0,31879.0
"(2017, 18)",17060.0,66492.0,42119.0,11685.0,23046.0,22779.0,32006.0
"(2017, 19)",17195.0,68011.0,41946.0,11859.0,25397.0,23317.0,32428.0
"(2017, 20)",18516.0,68352.0,43943.0,11754.0,23717.0,23358.0,31356.0
"(2017, 21)",17782.0,68416.0,42269.0,12192.0,22736.0,23698.0,31017.0
"(2017, 22)",18850.0,70151.0,42896.0,12153.0,23765.0,23546.0,30047.0
"(2017, 23)",19416.0,71888.0,44677.0,12036.0,24141.0,24590.0,30259.0
"(2017, 24)",19378.0,71752.0,47266.0,12499.0,23610.0,24275.0,32423.0
"(2017, 25)",18922.0,72312.0,43099.0,12109.0,24755.0,24557.0,31143.0
"(2017, 26)",18247.0,72056.0,45027.0,12402.0,23096.0,22628.0,31933.0
"(2017, 27)",17182.0,68455.0,43447.0,11848.0,23022.0,22989.0,30770.0
"(2017, 28)",17757.0,73673.0,43843.0,12334.0,23349.0,24750.0,33325.0
"(2017, 29)",17852.0,73676.0,44443.0,12479.0,24099.0,25110.0,32611.0
"(2017, 30)",18909.0,73472.0,43678.0,12700.0,24378.0,26085.0,33626.0
"(2017, 31)",18182.0,72161.0,44060.0,12859.0,23009.0,25859.0,32891.0
"(2017, 32)",18999.0,72636.0,45496.0,12403.0,22651.0,25111.0,32763.0
"(2017, 33)",18646.0,73060.0,44312.0,12201.0,22589.0,25293.0,31599.0
"(2017, 34)",19748.0,72779.0,46326.0,12643.0,22688.0,26259.0,32856.0
"(2017, 35)",20056.0,71303.0,44923.0,12399.0,23676.0,27033.0,33273.0
"(2017, 36)",20127.0,71464.0,44141.0,12190.0,24117.0,26343.0,33897.0
"(2017, 37)",21300.0,73108.0,44173.0,12528.0,24945.0,27397.0,34143.0
"(2017, 38)",21520.0,74065.0,45139.0,12985.0,26506.0,27910.0,33506.0
"(2017, 39)",20958.0,75546.0,45366.0,13006.0,25103.0,26373.0,33766.0
"(2017, 40)",21927.0,73497.0,44467.0,13008.0,24205.0,27668.0,33751.0
"(2017, 41)",21941.0,75541.0,45017.0,13264.0,25045.0,27845.0,35656.0
"(2017, 42)",21445.0,74418.0,44983.0,12771.0,24857.0,26726.0,35362.0
"(2017, 43)",22104.0,76644.0,45752.0,13074.0,25313.0,28990.0,35298.0
"(2017, 44)",23443.0,78417.0,47057.0,12912.0,26530.0,30346.0,35686.0
"(2017, 45)",21306.0,78595.0,46560.0,13203.0,25814.0,30348.0,36599.0
"(2017, 46)",22196.0,77669.0,46790.0,13635.0,29093.0,31204.0,37715.0
"(2017, 47)",20499.0,74919.0,44285.0,12831.0,26037.0,28871.0,33900.0
"(2017, 48)",22825.0,79599.0,44516.0,13762.0,26278.0,30695.0,37177.0
"(2017, 49)",20938.0,81795.0,47112.0,14320.0,26974.0,31767.0,36909.0
"(2017, 50)",21216.0,80453.0,46495.0,14097.0,30348.0,30645.0,35109.0
"(2017, 51)",21143.0,80297.0,45051.0,13912.0,26451.0,29194.0,34972.0
"(2017, 52)",19106.0,78809.0,44891.0,12741.0,24772.0,27111.0,34606.0
"(2018, 01)",22742.0,84443.0,47688.0,14001.0,27232.0,35893.0,36453.0
"(2018, 02)",24971.0,77323.0,42694.0,13024.0,25876.0,33368.0,34804.0
"(2018, 03)",24530.0,80405.0,44796.0,13570.0,26176.0,33742.0,37587.0
"(2018, 04)",24607.0,79288.0,46380.0,14209.0,27841.0,33516.0,36773.0
"(2018, 05)",23473.0,84377.0,45524.0,14147.0,27201.0,33726.0,37452.0
"(2018, 06)",25294.0,80548.0,45648.0,14454.0,27663.0,35242.0,37228.0
"(2018, 07)",24034.0,81608.0,44142.0,14866.0,26667.0,35422.0,38625.0
"(2018, 08)",23115.0,80278.0,44465.0,13888.0,25576.0,35272.0,37061.0
"(2018, 09)",24343.0,82533.0,45345.0,13844.0,26415.0,35499.0,43926.0
"(2018, 10)",23270.0,82065.0,45002.0,14097.0,25816.0,35989.0,39744.0
"(2018, 11)",23526.0,84667.0,45814.0,14269.0,27121.0,37379.0,40089.0
"(2018, 12)",23856.0,85014.0,46843.0,13897.0,27087.0,38245.0,38163.0
"(2018, 13)",23297.0,84564.0,48606.0,13753.0,26652.0,37334.0,36918.0
"(2018, 14)",22547.0,86261.0,46600.0,13382.0,27330.0,82205.0,37354.0
"(2018, 15)",23066.0,85835.0,45385.0,13595.0,27489.0,41151.0,37315.0
"(2018, 16)",23699.0,88745.0,47144.0,13778.0,27552.0,39467.0,38174.0
"(2018, 17)",23250.0,85153.0,46062.0,13884.0,27135.0,39198.0,38717.0
"(2018, 18)",23969.0,83502.0,45566.0,13853.0,28978.0,39581.0,38576.0
"(2018, 19)",24603.0,85594.0,45369.0,13583.0,28390.0,40664.0,37612.0
"(2018, 20)",24631.0,87036.0,45797.0,13922.0,27763.0,39103.0,37113.0
"(2018, 21)",25436.0,84686.0,46670.0,14363.0,27813.0,38406.0,38001.0
"(2018, 22)",24595.0,85872.0,47711.0,14112.0,26788.0,38286.0,36058.0
"(2018, 23)",24916.0,86700.0,48651.0,14015.0,32948.0,41170.0,38808.0
"(2018, 24)",23990.0,86538.0,50384.0,13867.0,42561.0,40761.0,39126.0
"(2018, 25)",23821.0,84152.0,46686.0,13500.0,44084.0,39836.0,39456.0
"(2018, 26)",24186.0,87692.0,47572.0,13626.0,31300.0,39272.0,38944.0
"(2018, 27)",22687.0,85104.0,45607.0,13156.0,33496.0,38625.0,38675.0
"(2018, 28)",24263.0,89077.0,46780.0,13521.0,29964.0,42998.0,40347.0
"(2018, 29)",23657.0,89576.0,47921.0,13565.0,29462.0,44551.0,38670.0
"(2018, 30)",24659.0,86641.0,47544.0,13579.0,36761.0,51518.0,37861.0
"(2018, 31)",23815.0,87061.0,47081.0,13774.0,31076.0,44264.0,38715.0
"(2018, 32)",24542.0,86737.0,48002.0,13572.0,32218.0,43187.0,38573.0
"(2018, 33)",22954.0,87395.0,47890.0,13703.0,47397.0,42155.0,40731.0
"(2018, 34)",23399.0,85366.0,47990.0,13588.0,28029.0,41961.0,38330.0
"(2018, 35)",25549.0,93388.0,47882.0,13447.0,28585.0,44584.0,38674.0
"(2018, 36)",24987.0,87913.0,49775.0,13805.0,28078.0,46435.0,40904.0
"(2018, 37)",25244.0,88692.0,49525.0,14318.0,32503.0,46444.0,41295.0
"(2018, 38)",24203.0,91447.0,47973.0,13898.0,28879.0,46057.0,41716.0
"(2018, 39)",23869.0,92197.0,49613.0,14165.0,28589.0,47079.0,41444.0
"(2018, 40)",24220.0,90835.0,49614.0,14132.0,30028.0,49375.0,42993.0
"(2018, 41)",23862.0,90195.0,50550.0,14323.0,31470.0,50013.0,40295.0
"(2018, 42)",23747.0,86885.0,49888.0,14196.0,30861.0,48549.0,40283.0
"(2018, 43)",24715.0,88495.0,51864.0,14557.0,29316.0,52104.0,40831.0
"(2018, 44)",23148.0,90010.0,51793.0,14746.0,32357.0,51205.0,43196.0
"(2018, 45)",22934.0,85573.0,48988.0,14363.0,46581.0,49681.0,40637.0
"(2018, 46)",24707.0,88871.0,50010.0,14611.0,32042.0,52629.0,42522.0
"(2018, 47)",23585.0,86435.0,47687.0,14024.0,29341.0,51636.0,39398.0
"(2018, 48)",26066.0,89539.0,49139.0,15236.0,30893.0,55217.0,42140.0
"(2018, 49)",25933.0,91351.0,52160.0,16100.0,32851.0,55190.0,42124.0
"(2018, 50)",25340.0,91139.0,48862.0,15381.0,34903.0,54560.0,41786.0
"(2018, 51)",24582.0,89926.0,49744.0,15014.0,30044.0,52973.0,40409.0
"(2018, 52)",19801.0,79942.0,42991.0,12073.0,24640.0,46227.0,33073.0
"(2019, 01)",18294.0,70921.0,37367.0,10789.0,22888.0,42606.0,30263.0
"(2019, 02)",25241.0,88084.0,45791.0,14120.0,29922.0,56145.0,40005.0
"(2019, 03)",23652.0,86850.0,47757.0,14696.0,33882.0,58074.0,41886.0
"(2019, 04)",22992.0,90024.0,48899.0,14609.0,31211.0,58032.0,40108.0
"(2019, 05)",22912.0,91043.0,50338.0,14657.0,28498.0,58701.0,40494.0
"(2019, 06)",23262.0,88601.0,48657.0,14848.0,29076.0,59149.0,40842.0
"(2019, 07)",23651.0,90103.0,50470.0,14967.0,30754.0,60920.0,40823.0
"(2019, 08)",24102.0,89653.0,49741.0,14079.0,29848.0,60368.0,42148.0
"(2019, 09)",24296.0,88935.0,49891.0,15155.0,29545.0,61453.0,42980.0
"(2019, 10)",24372.0,88756.0,49367.0,14520.0,30433.0,64242.0,43457.0
"(2019, 11)",24821.0,89860.0,49211.0,14687.0,33835.0,65855.0,41554.0
"(2019, 12)",22717.0,91093.0,49630.0,14015.0,32235.0,62642.0,42116.0
"(2019, 13)",23735.0,92067.0,49947.0,14414.0,31497.0,66604.0,41577.0
"(2019, 14)",24184.0,93227.0,47610.0,14094.0,30758.0,66852.0,41766.0
"(2019, 15)",24743.0,92605.0,46314.0,14061.0,30293.0,66884.0,42250.0
"(2019, 16)",23429.0,88228.0,48164.0,13986.0,29555.0,66902.0,41181.0
"(2019, 17)",23771.0,86564.0,48318.0,13849.0,31399.0,67816.0,42266.0
"(2019, 18)",22993.0,87173.0,47140.0,13932.0,28428.0,68810.0,40943.0
"(2019, 19)",25052.0,94166.0,47373.0,14505.0,28924.0,70670.0,42143.0
"(2019, 20)",24134.0,90525.0,48928.0,14049.0,29012.0,72648.0,42352.0
"(2019, 21)",24081.0,89731.0,46875.0,13892.0,30482.0,73811.0,42187.0
"(2019, 22)",23145.0,89909.0,46345.0,13509.0,30721.0,70540.0,42725.0
"(2019, 23)",21896.0,87759.0,48011.0,13348.0,32056.0,67477.0,43867.0
"(2019, 24)",22859.0,86481.0,48620.0,13679.0,29725.0,73809.0,40684.0
"(2019, 25)",23153.0,87385.0,47557.0,13525.0,30071.0,75990.0,41341.0
"(2019, 26)",23466.0,86278.0,49147.0,13851.0,34101.0,76529.0,40593.0
"(2019, 27)",22709.0,85380.0,46893.0,13447.0,35255.0,75801.0,40251.0
"(2019, 28)",23084.0,88043.0,47113.0,13789.0,31042.0,77302.0,42257.0
"(2019, 29)",23050.0,88494.0,47823.0,13973.0,32143.0,79554.0,47636.0
"(2019, 30)",22824.0,86483.0,47023.0,14788.0,35261.0,79681.0,45843.0
"(2019, 31)",22842.0,84551.0,48793.0,15526.0,34715.0,78805.0,41323.0
"(2019, 32)",22543.0,85794.0,46778.0,13941.0,35033.0,76898.0,41267.0
"(2019, 33)",21455.0,83246.0,46660.0,13520.0,37683.0,72939.0,39801.0
"(2019, 34)",22732.0,84688.0,48313.0,13840.0,36965.0,78607.0,39421.0
"(2019, 35)",23083.0,87652.0,46767.0,13881.0,42564.0,79296.0,39566.0
"(2019, 36)",23714.0,87780.0,47145.0,14101.0,41906.0,78559.0,39146.0
"(2019, 37)",24752.0,86728.0,48313.0,14055.0,42465.0,79550.0,41312.0
"(2019, 38)",24750.0,88133.0,48111.0,14006.0,46442.0,81525.0,41230.0
"(2019, 39)",25406.0,89136.0,47280.0,14416.0,46599.0,80020.0,41501.0
"(2019, 40)",12243.0,43428.0,21035.0,6841.0,22356.0,41420.0,19657.0
"(2019, 41)",4.0,38.0,0.0,12.0,45.0,2.0,58.0
"(2019, 42)",3.0,16.0,0.0,8.0,30.0,1.0,33.0
"(2019, 43)",2.0,8.0,0.0,2.0,18.0,3.0,24.0
"(2019, 44)",0.0,4.0,1.0,2.0,22.0,1.0,7.0
"(2019, 45)",0.0,0.0,0.0,2.0,14.0,2.0,0.0
"(2019, 46)",1.0,1.0,0.0,2.0,14.0,1.0,5.0
"(2019, 47)",0.0,0.0,0.0,1.0,6.0,0.0,1.0
